{
  "config": {
    "run_name": "exp1_2",
    "out_dir": "./results",
    "seed": 426777512,
    "device": null,
    "bs_train": 128,
    "bs_test": 32,
    "batches": 500,
    "epochs": 100,
    "early_stopping": 3,
    "checkpoints": null,
    "lr": 0.001,
    "reg": 0.001,
    "filters_per_layer": [
      256
    ],
    "pool_every": 5,
    "hidden_dims": [
      100
    ],
    "model_type": "cnn",
    "kw": {},
    "layers_per_block": 8
  },
  "results": {
    "num_epochs": 0,
    "train_loss": [
      2.3037292981696558,
      2.3030501722984607,
      2.3027915308237685,
      2.3026861351774173
    ],
    "train_acc": [
      10.0,
      10.0,
      9.974,
      9.836
    ],
    "test_loss": [
      2.3032464226975606,
      2.3028482225375435,
      2.302687726462611,
      2.3026210385770463
    ],
    "test_acc": [
      10.0,
      10.0,
      10.0,
      10.0
    ]
  }
}