{
  "config": {
    "run_name": "exp1_1",
    "out_dir": "./results",
    "seed": 2105488982,
    "device": null,
    "bs_train": 128,
    "bs_test": 32,
    "batches": 50,
    "epochs": 100,
    "early_stopping": 3,
    "checkpoints": null,
    "lr": 0.001,
    "reg": 0.001,
    "filters_per_layer": [
      32
    ],
    "pool_every": 2,
    "hidden_dims": [
      100
    ],
    "model_type": "cnn",
    "kw": {},
    "layers_per_block": 2
  },
  "results": {
    "num_epochs": 0,
    "train_loss": [
      2.287366868894728,
      2.124545207718754,
      1.9477829469744201,
      1.87016726119439,
      1.7820963240645427,
      1.6659531178681746,
      1.5467307921260824,
      1.4616172865528585,
      1.4051008590347016,
      1.3619574796208336,
      1.3243619374302038,
      1.2906096810879915,
      1.2594126633670935,
      1.2303448792003915,
      1.2024824547645685,
      1.1756623673926838,
      1.149644473781976,
      1.1245104248261513,
      1.1008603014909397,
      1.0774499424888044,
      1.0554191807041997,
      1.0343883092446096,
      1.0144467762364147,
      0.9947688974382932,
      0.9758985483128092,
      0.9576776138961772,
      0.9396299870727617,
      0.9217486290065834,
      0.9043273834316322,
      0.8868799846800391,
      0.8705488551608132,
      0.8538817097158993,
      0.8377388296529765,
      0.8214158220669193,
      0.8052722814747745,
      0.7896332065467639,
      0.7735371874726337
    ],
    "train_acc": [
      12.856,
      24.094,
      30.196,
      33.858,
      37.37,
      41.202,
      45.032,
      47.874,
      49.87,
      51.47,
      53.022,
      54.342,
      55.632,
      56.704,
      57.712,
      58.73,
      59.716,
      60.492,
      61.492,
      62.21,
      63.07,
      63.804,
      64.528,
      65.24,
      65.948,
      66.616,
      67.244,
      67.946,
      68.608,
      69.302,
      69.926,
      70.544,
      71.18,
      71.754,
      72.372,
      72.924,
      73.492
    ],
    "test_loss": [
      2.2518987312865333,
      1.9887730191690853,
      1.9025816410875167,
      1.8240136966918603,
      1.7233366128354788,
      1.5977216833315717,
      1.490183828737789,
      1.425118325998227,
      1.3776710779903034,
      1.3389495276033687,
      1.3087114564146096,
      1.2817041801568418,
      1.2555002810094302,
      1.2315833878974183,
      1.20842325211333,
      1.1869552051678252,
      1.1672927171658403,
      1.1509159780538882,
      1.1349527847271759,
      1.121308479827052,
      1.108704612087518,
      1.0987535848404273,
      1.0899048249561565,
      1.0824902585139289,
      1.0745218205756653,
      1.0690153503951174,
      1.0626167563584665,
      1.0565208613682098,
      1.0500226154114112,
      1.0481182077822213,
      1.0445565665110994,
      1.0431022124168592,
      1.0414982028662587,
      1.0416584807082105,
      1.0413010784993157,
      1.0437037123087496,
      1.04372139546437
    ],
    "test_acc": [
      16.81,
      28.75,
      32.21,
      35.66,
      39.55,
      44.1,
      47.24,
      49.42,
      51.0,
      52.52,
      53.42,
      54.83,
      56.03,
      56.88,
      57.93,
      58.72,
      59.39,
      59.98,
      60.52,
      60.93,
      61.65,
      62.07,
      62.4,
      62.52,
      62.79,
      63.14,
      63.31,
      63.55,
      63.82,
      64.03,
      64.15,
      64.26,
      64.33,
      64.38,
      64.65,
      64.7,
      64.79
    ]
  }
}