{
  "config": {
    "run_name": "exp1_2",
    "out_dir": "./results",
    "seed": 149344028,
    "device": null,
    "bs_train": 128,
    "bs_test": 32,
    "batches": 500,
    "epochs": 100,
    "early_stopping": 3,
    "checkpoints": null,
    "lr": 0.001,
    "reg": 0.001,
    "filters_per_layer": [
      64
    ],
    "pool_every": 2,
    "hidden_dims": [
      100
    ],
    "model_type": "cnn",
    "kw": {},
    "layers_per_block": 2
  },
  "results": {
    "num_epochs": 0,
    "train_loss": [
      2.2466540592710684,
      1.991020284650271,
      1.8796640597950771,
      1.7622988038050853,
      1.6352120397036032,
      1.536527861414663,
      1.4608422231186382,
      1.4002515678210636,
      1.352588910580901,
      1.3112875018888117,
      1.273399904865743,
      1.237862437887265,
      1.203976551742505,
      1.171532640066903,
      1.1404789434674452,
      1.1106615040613257,
      1.0826859408632263,
      1.0568032298246612,
      1.0324714209722436,
      1.0096833483337442,
      0.9879851618691173,
      0.9666833597071031,
      0.9456787060593705,
      0.9250079987908874,
      0.9048481563777875,
      0.884852874461952,
      0.8653038322468243,
      0.8461211056965391,
      0.8269726190420673,
      0.8078546842650685,
      0.7893998026847839,
      0.7710864141469111,
      0.7527627225422189,
      0.7351446012249383,
      0.7177965935233914,
      0.700324654121838,
      0.6831547540929311,
      0.6658491666816995,
      0.6489746022559798,
      0.6318600545911228,
      0.6154728970106911,
      0.5989197776902973,
      0.5826729185440961,
      0.5659634600514951,
      0.5495423367413719,
      0.5332689119117034,
      0.5174693774689189,
      0.5021715125311976,
      0.4868011338936398,
      0.4712998735172974,
      0.456245199798623,
      0.4406344456898282,
      0.4252132313025882,
      0.40952822375480474,
      0.39490316171780265,
      0.3810652183068683,
      0.36996977176050394,
      0.36297559620016984,
      0.3620864560689463,
      0.3658454178086937,
      0.3696489065809323,
      0.3602336123776253,
      0.34205276227515674,
      0.3248939720718452,
      0.30814214729134687,
      0.29264053252651867,
      0.27989815030713827,
      0.27224628680654805,
      0.26840269763756286,
      0.26954230913878097,
      0.27515188957114356,
      0.28017257876179713,
      0.281465664848952,
      0.28273276007160203,
      0.2726927682414384,
      0.25822589485465414,
      0.23710293797275905,
      0.21776380534748288,
      0.2036201039429211,
      0.19180166696572243,
      0.18404219814045045,
      0.17642886773742678,
      0.17009593024278236,
      0.16164698351717666,
      0.1543931955914668,
      0.14936570389686948,
      0.1448669181493542,
      0.13859451293487987,
      0.13455860701668293,
      0.12972114416187072,
      0.12052458618074427,
      0.11139958974955332,
      0.1045527372347272,
      0.0954184292832299,
      0.08967616659639131,
      0.08573427747296708,
      0.08452256343534688,
      0.0823835983462727,
      0.0819314197229836,
      0.08100055019511744
    ],
    "train_acc": [
      19.086,
      28.836,
      33.39,
      37.878,
      41.858,
      44.814,
      47.482,
      49.94,
      51.816,
      53.546,
      55.092,
      56.538,
      57.794,
      58.942,
      60.122,
      61.272,
      62.208,
      63.058,
      63.9,
      64.764,
      65.45,
      66.236,
      67.014,
      67.772,
      68.518,
      69.172,
      69.882,
      70.524,
      71.284,
      71.96,
      72.604,
      73.304,
      74.0,
      74.646,
      75.266,
      75.914,
      76.624,
      77.208,
      77.924,
      78.506,
      79.112,
      79.69,
      80.228,
      80.852,
      81.442,
      82.038,
      82.6,
      83.194,
      83.792,
      84.346,
      84.994,
      85.536,
      86.14,
      86.668,
      87.232,
      87.782,
      88.208,
      88.464,
      88.284,
      87.944,
      87.548,
      87.86,
      88.636,
      89.342,
      90.05,
      90.582,
      91.07,
      91.222,
      91.458,
      91.33,
      90.736,
      90.306,
      90.232,
      90.206,
      90.53,
      91.028,
      92.03,
      92.868,
      93.53,
      93.96,
      94.168,
      94.466,
      94.75,
      95.084,
      95.326,
      95.524,
      95.648,
      95.77,
      95.942,
      96.026,
      96.458,
      96.82,
      97.078,
      97.436,
      97.75,
      97.824,
      97.828,
      97.838,
      97.754,
      97.794
    ],
    "test_loss": [
      2.099063491668945,
      1.9216501903229248,
      1.8159177520404608,
      1.6811727494858324,
      1.570403661971656,
      1.4883473677376209,
      1.4208935388741784,
      1.3733206602712027,
      1.3324875568810362,
      1.2954989898319063,
      1.2612622229816814,
      1.2307379754206624,
      1.204103093368177,
      1.1790853481704053,
      1.1543518474307686,
      1.1306844180384383,
      1.1104406017464952,
      1.0929462191776727,
      1.077874705814325,
      1.0629665390751994,
      1.0504720466205488,
      1.0411357274070716,
      1.0338654323888663,
      1.0255109109817602,
      1.0152187754932684,
      1.0070537399179258,
      1.0017469940475001,
      0.9987176858579008,
      0.9951291013830386,
      0.9916849581959148,
      0.9866143891605706,
      0.9857429413559338,
      0.9800486052379059,
      0.9819398687099116,
      0.9807790637778017,
      0.9796740043277558,
      0.9816318097205969,
      0.9849201423672441,
      0.9888848967064684,
      0.994605677196393,
      1.001733403712416,
      1.0107644174616939,
      1.0205430162790865,
      1.034432276654929,
      1.0490252464152754,
      1.0702827316693986,
      1.0928625703429262,
      1.1249049343049717,
      1.152830477530202,
      1.1811159986276596,
      1.2105746217809927,
      1.2355137188404133,
      1.2507021398590015,
      1.2617677602524193,
      1.2793699100185125,
      1.281137310849211,
      1.2810187725403819,
      1.2632742745998187,
      1.2646068366000447,
      1.291621496787848,
      1.3311988099124104,
      1.3876507062310228,
      1.4607919997300585,
      1.5058446132336942,
      1.4941177886134138,
      1.4762944844774544,
      1.4702454272169656,
      1.4845779317255599,
      1.5169985603791076,
      1.5569744874684575,
      1.6685183523371578,
      1.7456185389250611,
      1.6899994802170288,
      1.5649243668435862,
      1.501944840906527,
      1.5152126909635317,
      1.5734972342515525,
      1.6770326367582375,
      1.792339491577575,
      1.8410513143950757,
      1.854924586062995,
      1.7755665207823244,
      1.7409900579208764,
      1.7550924469868596,
      1.7520377097990567,
      1.793294162319872,
      1.8768928881270437,
      1.9688915345615472,
      1.9884707314518695,
      1.9375903717816447,
      1.9496866746451527,
      1.979237924559048,
      2.014308300071631,
      2.044791404812481,
      2.0979414306128747,
      2.1588335691359095,
      2.1505172300262574,
      2.1290601644272242,
      2.094524028011785,
      2.156849222061352
    ],