{
  "config": {
    "run_name": "exp1_2",
    "out_dir": "./results",
    "seed": 655659206,
    "device": null,
    "bs_train": 128,
    "bs_test": 32,
    "batches": 500,
    "epochs": 100,
    "early_stopping": 3,
    "checkpoints": null,
    "lr": 0.001,
    "reg": 0.001,
    "filters_per_layer": [
      32
    ],
    "pool_every": 2,
    "hidden_dims": [
      100
    ],
    "model_type": "cnn",
    "kw": {},
    "layers_per_block": 2
  },
  "results": {
    "num_epochs": 0,
    "train_loss": [
      2.2731729181831146,
      2.0706641116105686,
      1.9417280074580552,
      1.8745248293327859,
      1.8005207600191122,
      1.712519388064704,
      1.6103954973733028,
      1.5237980303557024,
      1.4583391493848523,
      1.4046347787618028,
      1.359428860037528,
      1.3224459673132738,
      1.2911614310710937,
      1.2634892216728777,
      1.2379658502690933,
      1.2144924072963197,
      1.191974650715928,
      1.1697850379797503,
      1.1485102592831682,
      1.1279767446810631,
      1.107745228978374,
      1.0880498672690233,
      1.06853377102586,
      1.0495182646205052,
      1.0311506186299921,
      1.0127501188946502,
      0.9951371983493991,
      0.977432412259719,
      0.9603251008426442,
      0.943377849543491,
      0.9266584408862512,
      0.9099859923048093,
      0.8931241207720374,
      0.8770163725404179,
      0.8604449661796355,
      0.8442754411636411,
      0.8284840981673707,
      0.8125739202779882,
      0.7969888078282251,
      0.7817716339360112,
      0.7664163917531748
    ],
    "train_acc": [
      16.382,
      26.426,
      31.038,
      34.092,
      36.882,
      39.692,
      42.998,
      45.776,
      48.192,
      50.176,
      51.764,
      53.11,
      54.5,
      55.44,
      56.31,
      57.154,
      58.016,
      58.99,
      59.834,
      60.576,
      61.31,
      62.056,
      62.774,
      63.448,
      64.122,
      64.786,
      65.414,
      65.904,
      66.65,
      67.308,
      67.914,
      68.508,
      69.202,
      69.812,
      70.382,
      70.946,
      71.62,
      72.074,
      72.578,
      73.108,
      73.578
    ],
    "test_loss": [
      2.2016784009842065,
      1.9706214441658971,
      1.9013589951938714,
      1.831772076436125,
      1.753592405837184,
      1.657921749562882,
      1.5684186064016323,
      1.494048901640188,
      1.4371633807691142,
      1.3870185510799908,
      1.3465499038132616,
      1.3131443182119547,
      1.2872742422091694,
      1.26365905657363,
      1.2440190459973515,
      1.2254342330149568,
      1.20988786734712,
      1.1957486616536832,
      1.1804142478175057,
      1.165847520096995,
      1.1552675118842446,
      1.1441097920314192,
      1.1345980100738355,
      1.124223285399306,
      1.115511385777507,
      1.1077090608426177,
      1.0969336333747108,
      1.0897363127230075,
      1.0824300121194639,
      1.0752862333870543,
      1.069595000233513,
      1.0635210049038115,
      1.059075059410863,
      1.0562871713607838,
      1.0535063257994361,
      1.0505134019607933,
      1.048263839829844,
      1.0486742446597772,
      1.0485869874588598,
      1.0498993141582598,
      1.0489662938986342
    ],
    "test_acc": [
      20.08,
      29.43,
      32.52,
      35.69,
      38.79,
      41.64,
      43.86,
      46.62,
      48.46,
      50.77,
      52.2,
      53.58,
      54.47,
      55.3,
      56.19,
      56.76,
      57.4,
      57.96,
      58.61,
      59.16,
      59.39,
      59.82,
      60.26,
      60.56,
      60.88,
      61.25,
      61.7,
      62.12,
      62.43,
      62.71,
      63.01,
      63.29,
      63.49,
      63.47,
      63.63,
      63.75,
      63.9,
      64.12,
      64.22,
      64.45,
      64.66
    ]
  }
}