{
  "config": {
    "run_name": "exp1_2",
    "out_dir": "./results",
    "seed": 1551586173,
    "device": null,
    "bs_train": 128,
    "bs_test": 32,
    "batches": 500,
    "epochs": 100,
    "early_stopping": 3,
    "checkpoints": null,
    "lr": 0.001,
    "reg": 0.001,
    "filters_per_layer": [
      128
    ],
    "pool_every": 2,
    "hidden_dims": [
      100
    ],
    "model_type": "cnn",
    "kw": {},
    "layers_per_block": 2
  },
  "results": {
    "num_epochs": 0,
    "train_loss": [
      2.2157118448515987,
      1.9681241036680959,
      1.8546467510330709,
      1.7200494843065892,
      1.5890792382647618,
      1.4883740442183317,
      1.4070554188145397,
      1.3435247249310585,
      1.2918562364700201,
      1.246604825224718,
      1.2048975680490284,
      1.1661323552851177,
      1.129806228153541,
      1.0962665465176868,
      1.0653171851811811,
      1.036387158476788,
      1.009258259745205,
      0.9834389006695174,
      0.9581766355677944,
      0.9337953176644757,
      0.9103641070978111,
      0.8873820701218627,
      0.8652274866238274,
      0.8440501042034315,
      0.82374485999422,
      0.8036315406070036,
      0.7844566193687946,
      0.7652583771654408,
      0.7464326833520094,
      0.7274534575774542,
      0.7082746696594121,
      0.6897999151131077,
      0.6714338982654044,
      0.6533055893905327,
      0.6355526353544592,
      0.617978631687896,
      0.6000937020687191,
      0.582274562257635,
      0.5648328557496181,
      0.5478178637716776,
      0.5310934140249286,
      0.5149797114264935,
      0.5002628499284729,
      0.48465210892965116,
      0.4678981378102851,
      0.4503842107475261,
      0.4334217658280716,
      0.4156355802970164,
      0.39936512034110094,
      0.38364724788214544,
      0.3694598366080038,
      0.35641977930312874,
      0.3470428713294856,
      0.3393291683529344,
      0.3344024536402329,
      0.3341207726074911,
      0.33827751127960126,
      0.33578381925592643,
      0.31881450497738234,
      0.29646053102315234,
      0.2735867634072633,
      0.25155970050245907,
      0.23436057161720816,
      0.2205369704595917,
      0.20940594253180278,
      0.20132199566230138,
      0.19749865265529784,
      0.19647927988139566,
      0.1990072587528802,
      0.20913322201317838,
      0.22450090066322584,
      0.23337103270203866,
      0.22183167882968702,
      0.20958059454513023,
      0.20279026711764542,
      0.19958180926568672,
      0.19284325990530535,
      0.18539625669226928,
      0.16964267003719155,
      0.14819503997635963,
      0.1300509963518061,
      0.11568069217912376,
      0.10504483624035135,
      0.09706318496590685,
      0.08847012934858536,
      0.08148775431696716,
      0.07660622101591523,
      0.07301132526734601,
      0.06807896040875436,
      0.061938383890425455,
      0.05961515311428043,
      0.05645608036871761,
      0.05283545313017143,
      0.04715279810835638,
      0.0413788927318838,
      0.035450577080878606,
      0.030805545354076206,
      0.028369624258192908,
      0.026965895963027654,
      0.022658418632967546
    ],
    "train_acc": [
      18.904,
      30.018,
      34.684,
      39.372,
      43.498,
      47.03,
      50.164,
      52.406,
      54.346,
      56.086,
      57.662,
      59.178,
      60.516,
      61.752,
      62.882,
      63.962,
      65.03,
      66.072,
      66.976,
      67.874,
      68.628,
      69.418,
      70.15,
      70.926,
      71.632,
      72.382,
      73.098,
      73.816,
      74.522,
      75.286,
      75.994,
      76.722,
      77.37,
      77.956,
      78.606,
      79.284,
      79.924,
      80.546,
      81.172,
      81.788,
      82.418,
      82.966,
      83.45,
      84.068,
      84.728,
      85.352,
      85.982,
      86.732,
      87.43,
      87.95,
      88.52,
      88.962,
      89.236,
      89.392,
      89.368,
      89.244,
      88.74,
      88.518,
      89.342,
      90.36,
      91.424,
      92.292,
      93.004,
      93.592,
      93.968,
      94.23,
      94.34,
      94.148,
      93.86,
      93.28,
      92.41,
      91.78,
      92.498,
      92.892,
      93.182,
      93.358,
      93.56,
      93.998,
      94.512,
      95.406,
      96.164,
      96.836,
      97.298,
      97.636,
      97.86,
      98.156,
      98.304,
      98.466,
      98.636,
      98.826,
      98.862,
      98.954,
      99.008,
      99.22,
      99.348,
      99.608,
      99.658,
      99.696,
      99.734,
      99.854
    ],
    "test_loss": [
      2.0571873702180272,
      1.901349579945159,
      1.7886814777843487,
      1.647586518202346,
      1.5364900633169059,
      1.4373748226287646,
      1.370241790152967,
      1.319736394067161,
      1.273708889278741,
      1.2340623726860023,
      1.1985472796824033,
      1.166082132548189,
      1.1376993359087375,
      1.112692606334869,
      1.091571317884488,
      1.0733235986849752,
      1.0578800163710842,
      1.0431448883903673,
      1.0289508443290052,
      1.0144160431794846,
      1.000982226274265,
      0.9883753931560455,
      0.9800288738153232,
      0.9738065491850003,
      0.9684552278000707,
      0.9661718563149913,
      0.963310963429582,
      0.9617261259129253,
      0.9601394882598243,
      0.9576377564916214,
      0.9547141929404043,
      0.9550696327663458,
      0.9540518226143652,
      0.9530125326051498,
      0.9551071556041035,
      0.9569072706249956,
      0.9594045053846159,
      0.9640119100531069,
      0.9717745290587123,
      0.9797738080207532,
      0.9931020030198386,
      1.0108294519372643,
      1.0283085879997704,
      1.042285443590091,
      1.052910190992081,
      1.0579679357929352,
      1.0615540929019642,
      1.0710312316116815,
      1.0770952717279092,
      1.086969745568574,
      1.0940625914179098,
      1.107136403600248,
      1.1305754283746592,
      1.153636899904702,
      1.210414428870899,
      1.2971218005536844,
      1.2883142568052006,
      1.2263212690528589,
      1.2325075430611072,
      1.2695540254489301,
      1.3107987705130166,
      1.3436707122066913,
      1.3817458584095343,
      1.4395151132592758,
      1.4986733897044635,
      1.5570120621984378,
      1.5684359810603694,
      1.5683297185471263,
      1.5716605257873717,
      1.6093546075942797,
      1.5831347669656284,
      1.5202968182464758,
      1.5385320047600963,
      1.56887094300395,
      1.5705956141598307,
      1.6114964743201343,
      1.6303445209329501,
      1.615998109784751,
      1.6189121550645311,
      1.6958222709143886,
      1.7861669452997824,
      1.8719953234774618,
      1.883096965737998,
      1.9214752647823419,
      2.008508607602348,
      1.9947636955843184,
      1.8526690549934253,
      1.7327113108703505,
      1.7957659364698795,
      1.7878615071598334,
      1.822541207075119,
      1.8656768614110855,
      1.8916361985115198,
      1.9039606061606362,
      1.9174397911507481,
      1.9253381104134142,
      1.9509803667045629,
      1.983915781632018,
      2.0047641086121337,
      2.0243018342854495
    ],