{
  "config": {
    "run_name": "exp1_1",
    "out_dir": "./results",
    "seed": 5271672,
    "device": null,
    "bs_train": 128,
    "bs_test": 32,
    "batches": 50,
    "epochs": 100,
    "early_stopping": 3,
    "checkpoints": null,
    "lr": 0.001,
    "reg": 0.001,
    "filters_per_layer": [
      64
    ],
    "pool_every": 3,
    "hidden_dims": [
      100
    ],
    "model_type": "cnn",
    "kw": {},
    "layers_per_block": 4
  },
  "results": {
    "num_epochs": 0,
    "train_loss": [
      2.302598198966297,
      2.297829936532413,
      2.248657740595396,
      2.0128268857136407,
      1.939268440846592,
      1.8698443707907597,
      1.8030252420079067,
      1.7249352163670923,
      1.641693533229096,
      1.5723257122747123,
      1.5200637905189143,
      1.473625474573706,
      1.435552565947823,
      1.4018012690727057,
      1.3712732145548476,
      1.342081578491289,
      1.312945800973936,
      1.2838237334395308,
      1.2543740482891308,
      1.2258597984338355,
      1.197132770820042,
      1.1682903260526145,
      1.1401979958309847,
      1.1132746250428203,
      1.0865664422664496,
      1.0614651464440328,
      1.0370445772814934,
      1.013544744390356,
      0.9902859353043539,
      0.967924000052235,
      0.9443939049225634,
      0.9214420827758282,
      0.8987147873624817,
      0.8769026557197961,
      0.8551274440477571
    ],
    "train_acc": [
      10.826,
      16.076,
      15.966,
      26.116,
      29.95,
      33.05,
      35.354,
      38.094,
      41.084,
      43.47,
      45.586,
      47.326,
      48.718,
      49.924,
      51.08,
      52.304,
      53.484,
      54.572,
      55.678,
      56.658,
      57.654,
      58.708,
      59.808,
      60.76,
      61.674,
      62.648,
      63.584,
      64.468,
      65.186,
      66.302,
      67.086,
      67.882,
      68.868,
      69.776,
      70.506
    ],
    "test_loss": [
      2.3008897769184538,
      2.2920886419070796,
      2.095989273379024,
      1.9682717349963448,
      1.9012705914128702,
      1.8291684785209144,
      1.7625506895418745,
      1.6676214762008228,
      1.5820816980002406,
      1.5447693347169187,
      1.5009828135609247,
      1.448637854176969,
      1.4131856985366382,
      1.3840386806585538,
      1.359304742691235,
      1.3406650740117692,
      1.321147946123117,
      1.2994154733590806,
      1.2813699574897084,
      1.2650216857846173,
      1.2524221771822188,
      1.2359027634032618,
      1.225777006187378,
      1.2114069219976187,
      1.1985030595106059,
      1.1874839871074445,
      1.1751142492690407,
      1.1701910985163606,
      1.1578308132509836,
      1.158309102439271,
      1.1574992463230707,
      1.1494088464270766,
      1.14286062340386,
      1.1376482448257959,
      1.1367040594545796
    ],
    "test_acc": [
      17.71,
      12.29,
      22.9,
      28.1,
      31.1,
      34.39,
      36.98,
      40.61,
      43.17,
      44.67,
      46.36,
      48.64,
      49.87,
      50.7,
      51.76,
      51.92,
      52.68,
      53.48,
      54.18,
      55.0,
      55.44,
      56.16,
      56.76,
      57.4,
      57.96,
      58.4,
      58.84,
      59.27,
      59.65,
      59.82,
      59.99,
      60.62,
      61.27,
      61.77,
      61.75
    ]
  }
}