{
  "config": {
    "run_name": "exp1_1",
    "out_dir": "./results",
    "seed": 880223468,
    "device": null,
    "bs_train": 128,
    "bs_test": 32,
    "batches": 50,
    "epochs": 100,
    "early_stopping": 3,
    "checkpoints": null,
    "lr": 0.001,
    "reg": 0.001,
    "filters_per_layer": [
      32
    ],
    "pool_every": 3,
    "hidden_dims": [
      100
    ],
    "model_type": "cnn",
    "kw": {},
    "layers_per_block": 4
  },
  "results": {
    "num_epochs": 0,
    "train_loss": [
      2.303571405313204,
      2.3025991977633113,
      2.301816870184506,
      2.3002926998431117,
      2.2942691593218947,
      2.227639815386604,
      2.0518359159264725,
      1.9854779200785606,
      1.914560467690763,
      1.8426895742221256,
      1.7747005885824219,
      1.7101970438457206,
      1.65965907500528,
      1.6149048494256062,
      1.577612988479302,
      1.5459855291849511,
      1.5177491473419893,
      1.490365371679711,
      1.464822508185111,
      1.4367768691323908,
      1.4090542323753963,
      1.3784186151021582,
      1.348340973524791,
      1.320755720748316,
      1.295486272753352,
      1.2719177510732276,
      1.2490555160795636,
      1.2281736150726943,
      1.206977983874738,
      1.1867814213418595,
      1.1659799315740385,
      1.1451607062993452,
      1.1251203167773878,
      1.1041690227015855,
      1.084262179139325,
      1.0637299311740318,
      1.0441299402500357,
      1.0246897634033048,
      1.0063026612981811,
      0.9880596943523573,
      0.9692062211158635,
      0.950963540607706,
      0.933278266273801,
      0.9160016770557979,
      0.8981105365106822
    ],
    "train_acc": [
      10.478,
      12.432,
      14.992,
      16.29,
      16.436,
      17.4,
      22.984,
      26.08,
      29.662,
      33.228,
      35.678,
      37.956,
      39.91,
      41.636,
      43.164,
      44.308,
      45.522,
      46.484,
      47.33,
      48.462,
      49.55,
      50.674,
      51.78,
      52.934,
      53.99,
      54.898,
      55.764,
      56.588,
      57.402,
      58.208,
      59.056,
      59.782,
      60.622,
      61.346,
      62.13,
      62.884,
      63.62,
      64.374,
      64.972,
      65.606,
      66.214,
      66.994,
      67.634,
      68.296,
      68.96
    ],
    "test_loss": [
      2.3029682270635052,
      2.3022043446001534,
      2.3012371177490527,
      2.298704600562684,
      2.28491283834171,
      2.1165804817272833,
      2.002021621591367,
      1.94512280031515,
      1.8748585926458097,
      1.816673326796998,
      1.740429971545649,
      1.6724623034175592,
      1.619851676419901,
      1.5794460205986096,
      1.5473722211849956,
      1.5277837838608617,
      1.5015114145918775,
      1.4751215712330974,
      1.4535140216160125,
      1.4284214918224956,
      1.4162518454435915,
      1.3972841760221,
      1.379635306212087,
      1.3563538886868536,
      1.3304789595710584,
      1.308033767409218,
      1.2819967285131875,
      1.2624824991622292,
      1.2496699386130508,
      1.2328081129077144,
      1.220960523754644,
      1.2081714198231317,
      1.1961696448798378,
      1.1874096536407837,
      1.175581478082334,
      1.1657899858090823,
      1.1554678333833956,
      1.1435601835052807,
      1.1342516627174597,
      1.1261784754241237,
      1.1195908148829548,
      1.114884304924133,
      1.109907996159392,
      1.1064285997765513,
      1.1067845223429866
    ],
    "test_acc": [
      12.5,
      11.41,
      14.33,
      16.49,
      15.53,
      20.2,
      24.27,
      27.41,
      31.03,
      33.84,
      37.11,
      39.77,
      41.41,
      42.76,
      44.29,
      45.64,
      46.41,
      47.33,
      47.95,
      48.8,
      49.47,
      50.2,
      51.27,
      51.77,
      52.82,
      53.52,
      54.35,
      55.13,
      55.42,
      55.81,
      56.34,
      56.62,
      57.15,
      57.67,
      58.28,
      58.65,
      59.16,
      59.71,
      60.46,
      60.75,
      61.15,
      61.44,
      61.89,
      62.19,
      62.4
    ]
  }
}