{
  "config": {
    "run_name": "exp1_2",
    "out_dir": "./results",
    "seed": 1241719690,
    "device": null,
    "bs_train": 128,
    "bs_test": 32,
    "batches": 500,
    "epochs": 100,
    "early_stopping": 3,
    "checkpoints": null,
    "lr": 0.001,
    "reg": 0.001,
    "filters_per_layer": [
      128
    ],
    "pool_every": 3,
    "hidden_dims": [
      100
    ],
    "model_type": "cnn",
    "kw": {},
    "layers_per_block": 4
  },
  "results": {
    "num_epochs": 0,
    "train_loss": [
      2.3003008018064377,
      2.1873560601183217,
      1.9465247782904778,
      1.8168374092682549,
      1.7072648416699656,
      1.6156490696665575,
      1.5382892753157165,
      1.4719931414670042,
      1.4110255018829385,
      1.3591258769754864,
      1.3135859307730595,
      1.2704887393185549,
      1.2271202138012938,
      1.1857020941841634,
      1.143069090440755,
      1.1012820154809586,
      1.0600531842092724,
      1.0190385517561833,
      0.9791082502021204
    ],
    "train_acc": [
      11.334,
      18.442,
      30.252,
      35.674,
      39.43,
      42.266,
      44.962,
      47.472,
      49.746,
      51.666,
      53.324,
      55.09,
      56.604,
      58.108,
      59.778,
      61.29,
      62.818,
      64.288,
      65.744
    ],
    "test_loss": [
      2.292058879955889,
      2.0089124463998473,
      1.8820341810250816,
      1.749088219179513,
      1.6553272020321685,
      1.5644256866778048,
      1.4860339065710195,
      1.4299548365437567,
      1.3850956166895052,
      1.3443900278201117,
      1.316337655337093,
      1.284873090993863,
      1.2578775705620884,
      1.2300595656370583,
      1.2103862522509152,
      1.197780721865523,
      1.1897947371196442,
      1.1969535162273688,
      1.204122741382343
    ],
    "test_acc": [
      15.13,
      27.9,
      33.18,
      38.35,
      40.86,
      44.13,
      47.13,
      48.97,
      51.18,
      52.88,
      54.05,
      54.75,
      55.74,
      56.48,
      57.3,
      57.86,
      58.27,
      58.51,
      58.65
    ]
  }
}