{
  "config": {
    "run_name": "exp1_2",
    "out_dir": "./results",
    "seed": 902172588,
    "device": null,
    "bs_train": 128,
    "bs_test": 32,
    "batches": 500,
    "epochs": 100,
    "early_stopping": 3,
    "checkpoints": null,
    "lr": 0.001,
    "reg": 0.001,
    "filters_per_layer": [
      256
    ],
    "pool_every": 2,
    "hidden_dims": [
      100
    ],
    "model_type": "cnn",
    "kw": {},
    "layers_per_block": 2
  },
  "results": {
    "num_epochs": 0,
    "train_loss": [
      2.1585700591201977,
      1.9037976822889675,
      1.744042181297946,
      1.5911275736816095,
      1.476990718061052,
      1.3892179129983457,
      1.3244254006754101,
      1.270640622929234,
      1.2222316778834215,
      1.1771570468497703,
      1.1353175170586238,
      1.0972252230510078,
      1.0624482887785147,
      1.0305055004861348,
      1.0006511284567206,
      0.972400165884696,
      0.9458681178824676,
      0.9203158548420958,
      0.8958498988005207,
      0.8720589360922498,
      0.8492730953504363,
      0.8270646496806913,
      0.80575644360174,
      0.7848258169410783,
      0.7646405292898798,
      0.7446408241301241,
      0.7251779568164854,
      0.705548516548503,
      0.6860594760121592,
      0.666504466548905,
      0.6472716802526313,
      0.6278767714567501,
      0.608797779930827,
      0.5899582268941738,
      0.5707653227364621,
      0.5515656855405139,
      0.5323060929317913,
      0.5128322622507734,
      0.49396689438149144,
      0.4743006666907874,
      0.4553415570265192,
      0.436790096942726,
      0.41874621686575664,
      0.4014639770588302,
      0.38542927443371405,
      0.36930342536905536,
      0.35427647779512283,
      0.34070561738575206,
      0.3315481992100206,
      0.3282384362138446,
      0.32509699078929394,
      0.3116072341990288,
      0.29928354979933375,
      0.2889230540570091,
      0.2778776645126855,
      0.2681925460277006,
      0.25985463714355705,
      0.25636866913579615,
      0.2576059932675203,
      0.25311612164425423,
      0.23653275075623448,
      0.21986739371743652,
      0.20664284263959015,
      0.19571405784477053,
      0.18425193709104568,
      0.17713263169731325,
      0.16994032063676268,
      0.16413406057812063,
      0.15603404410202484,
      0.1491795014542387,
      0.14361008844526527,
      0.14005482842778916,
      0.13496271578018623,
      0.12973339842332293,
      0.11971927013086237,
      0.11402992787949569,
      0.10680702254366692,
      0.10001083583478122,
      0.09687352240028436,
      0.09530435559694725,
      0.09457840116889886,
      0.08308624047452531,
      0.06952717607302586,
      0.062292804365115396,
      0.05559586820280765,
      0.048939188027663914,
      0.04319614963725095,
      0.03524409803321295,
      0.028704174660870333,
      0.025090954028298636,
      0.022465353377897034,
      0.01968531462642581,
      0.017443699749124707,
      0.015014768057667157,
      0.013368793466673863,
      0.012221449874150936,
      0.01122004156241484,
      0.01024837746901814,
      0.009369396986892384,
      0.008582929038511747
    ],
    "train_acc": [
      21.712,
      32.36,
      38.51,
      43.27,
      47.266,
      50.372,
      53.048,
      55.07,
      56.91,
      58.722,
      60.254,
      61.65,
      63.002,
      64.144,
      65.298,
      66.362,
      67.27,
      68.136,
      68.902,
      69.744,
      70.622,
      71.49,
      72.322,
      73.064,
      73.852,
      74.604,
      75.328,
      76.05,
      76.75,
      77.442,
      78.112,
      78.86,
      79.46,
      80.238,
      80.92,
      81.612,
      82.412,
      83.166,
      83.892,
      84.674,
      85.376,
      86.05,
      86.728,
      87.39,
      87.966,
      88.552,
      88.952,
      89.492,
      89.764,
      89.708,
      89.588,
      90.058,
      90.526,
      90.896,
      91.334,
      91.536,
      91.778,
      91.742,
      91.476,
      91.554,
      92.306,
      93.084,
      93.654,
      94.204,
      94.66,
      94.822,
      94.974,
      95.16,
      95.462,
      95.646,
      95.796,
      95.792,
      95.986,
      96.166,
      96.598,
      96.846,
      97.178,
      97.396,
      97.41,
      97.438,
      97.428,
      97.822,
      98.376,
      98.638,
      98.954,
      99.16,
      99.34,
      99.61,
      99.788,
      99.846,
      99.854,
      99.894,
      99.916,
      99.96,
      99.972,
      99.98,
      99.988,
      99.988,
      99.988,
      99.988
    ],
    "test_loss": [
      1.9735142415323959,
      1.8286162424392212,
      1.6558605124013492,
      1.5268288702248765,
      1.4250365686111939,
      1.3580199253444853,
      1.303394712388706,
      1.2551904941519227,
      1.2121120820791957,
      1.1731196822830663,
      1.1400099960378944,
      1.112138408251083,
      1.088954035085611,
      1.0705600297108244,
      1.0526703021015984,
      1.0321880000087018,
      1.0117902755737305,
      0.9959617761758189,
      0.9830555341685542,
      0.9720134688452029,
      0.9631368495024051,
      0.9556019078618803,
      0.9479850616317969,
      0.9423701885028388,
      0.9368780062983211,
      0.931295276354677,
      0.9272550861485088,
      0.9241831962483379,
      0.9204086569932323,
      0.9218047049860604,
      0.9225260768645107,
      0.923272612662361,
      0.9257727957571658,
      0.929397884934855,
      0.9370060083203422,
      0.9469129177518546,
      0.9573722337000667,
      0.9727163948951819,
      0.9907399738748995,
      1.0120231637749046,
      1.0332046394911818,
      1.0588039395908198,
      1.0910020983828523,
      1.1214667461550654,
      1.1567098375516958,
      1.1871962695837783,
      1.2214974814329664,
      1.2285946339083176,
      1.180228781300231,
      1.1215211052102403,
      1.1908144533824616,
      1.2693577372608855,
      1.2706387130597148,
      1.3190683242611991,
      1.381559851451423,
      1.4221878041284153,
      1.4184287772201503,
      1.3940328223446308,
      1.417141682804583,
      1.4093559890890275,
      1.3831202346867266,
      1.3424930430639286,
      1.3183940805185337,
      1.3461243994891072,
      1.3607491315744173,
      1.3560170439866404,
      1.3506526448094427,
      1.367812466697571,
      1.434802708439172,
      1.497407119018963,
      1.5746909435183858,
      1.688549071264724,
      1.6684166989006555,
      1.6214266082349296,
      1.511455323749457,
      1.5314993369884002,
      1.5882194742988855,
      1.7482167410964784,
      1.8943548144433444,
      1.7794429716020346,
      1.6918446191202718,
      1.6659525124409709,
      1.7136167360190004,
      1.7767823490852745,
      1.688033125651911,
      1.7274545145491822,
      1.6765395835184822,
      1.684314605717461,
      1.7082765133807454,
      1.731996880266994,
      1.760421830529984,
      1.7837454241495163,
      1.7920490261464834,
      1.83378779269255,
      1.8662917034123272,
      1.8731068236568866,
      1.8794443513067385,
      1.8861083144577928,
      1.89272611533491,
      1.9004362616866541
    ],