{
  "config": {
    "run_name": "exp1_2",
    "out_dir": "./results",
    "seed": 657009489,
    "device": null,
    "bs_train": 128,
    "bs_test": 32,
    "batches": 500,
    "epochs": 100,
    "early_stopping": 3,
    "checkpoints": null,
    "lr": 0.001,
    "reg": 0.001,
    "filters_per_layer": [
      64
    ],
    "pool_every": 3,
    "hidden_dims": [
      100
    ],
    "model_type": "cnn",
    "kw": {},
    "layers_per_block": 4
  },
  "results": {
    "num_epochs": 0,
    "train_loss": [
      2.303402747644488,
      2.3014519836591636,
      2.2976713619573648,
      2.2628386813356443,
      2.038431634378555,
      1.9662583011495487,
      1.9081515070727415,
      1.8475644436028913,
      1.7825478522673897,
      1.7065172402755073,
      1.6352199105655445,
      1.5711054506204318,
      1.520594564850068,
      1.4786054679499867,
      1.4411578724146499,
      1.4041232001750976,
      1.3683504357057459,
      1.3350423147611301,
      1.3044328628598576,
      1.2764541785735304,
      1.2464767761547546,
      1.2176968092503755,
      1.1895322618277178,
      1.162639291695012,
      1.1359633769830475,
      1.1101724403288664,
      1.0848072463899012,
      1.058998527734176,
      1.0344622043697425,
      1.0102033037358842,
      0.9852844844083957,
      0.9598553487102089,
      0.9344196348543972,
      0.9091320432665403,
      0.8850010907863413,
      0.859754732807579,
      0.8358800990502243,
      0.8116858060402639,
      0.7883686104698864,
      0.7652617388064294,
      0.7417970002459748,
      0.7197149854791743,
      0.6972353722890625,
      0.6747304371098424,
      0.6530492158649522,
      0.6347195756862231,
      0.6196544949355942,
      0.5997310565103351,
      0.5725227422116662,
      0.5445314431586838,
      0.518096862927727,
      0.49379783457197496,
      0.4713065560211611,
      0.4489784258634538,
      0.4322773667476366,
      0.42242931801339856,
      0.4204382318288774,
      0.42248039755522443,
      0.4085101042790791,
      0.3920125050846573,
      0.37456175425778265,
      0.3668313468508708,
      0.3477663195041744,
      0.3215185580274943,
      0.2953482031288659,
      0.2764783466563505,
      0.27013089726952944,
      0.2650801553140821,
      0.25581569268422966,
      0.24844971440179878,
      0.24973276423295135,
      0.24421633572300985,
      0.22959366543671053,
      0.20406847156565208,
      0.17988996988977007,
      0.16201544367253323,
      0.15414531964360906,
      0.14422782552440452,
      0.12886788348769745,
      0.122035924626319,
      0.11183183508760788,
      0.1023623329418166,
      0.09538183753352489,
      0.09086935906706715,
      0.08132253471009261,
      0.07618432957202653,
      0.06956500018163182,
      0.07102487104780533,
      0.06738087860748286,
      0.06475852207397409,
      0.05802757706721801,
      0.05304657326549139,
      0.044835375149107876,
      0.03982212875857759,
      0.039166145322039304,
      0.03749778499121747,
      0.03373748126208706,
      0.03052889610893186,
      0.025560527713612065,
      0.021920975666288336
    ],
    "train_acc": [
      10.56,
      14.104,
      11.226,
      14.23,
      25.088,
      28.362,
      31.308,
      33.952,
      36.328,
      39.018,
      41.254,
      43.56,
      45.456,
      47.114,
      48.522,
      49.56,
      50.958,
      52.266,
      53.734,
      54.814,
      56.154,
      57.156,
      58.24,
      59.17,
      60.12,
      61.138,
      62.038,
      63.054,
      63.974,
      64.88,
      65.852,
      66.764,
      67.678,
      68.578,
      69.424,
      70.456,
      71.288,
      72.132,
      73.022,
      73.756,
      74.624,
      75.326,
      76.29,
      77.136,
      77.906,
      78.514,
      78.796,
      79.402,
      80.518,
      81.594,
      82.448,
      83.378,
      84.192,
      85.036,
      85.356,
      85.516,
      85.536,
      85.364,
      85.72,
      86.218,
      86.836,
      87.082,
      87.682,
      88.666,
      89.744,
      90.538,
      90.582,
      90.438,
      90.76,
      91.046,
      91.028,
      91.132,
      91.714,
      92.776,
      93.51,
      94.2,
      94.378,
      94.802,
      95.456,
      95.696,
      95.95,
      96.436,
      96.716,
      96.892,
      97.134,
      97.466,
      97.632,
      97.6,
      97.704,
      97.74,
      97.996,
      98.262,
      98.552,
      98.696,
      98.738,
      98.738,
      98.922,
      99.066,
      99.252,
      99.338
    ],
    "test_loss": [
      2.3023335088175325,
      2.30018422854975,
      2.2927942405493495,
      2.160139821207942,
      1.9765020243276041,
      1.9255167653385443,
      1.8660005414828706,
      1.8053236175268983,
      1.7376710580179866,
      1.6613926121982903,
      1.5871343883081748,
      1.538388355852316,
      1.4955505391660209,
      1.4650439682859964,
      1.4408083232446982,
      1.3934198282778072,
      1.3548518167897916,
      1.3233467464248974,
      1.300664887070275,
      1.2862194926974873,
      1.2644030571745608,
      1.244048585906958,
      1.2220494368205816,
      1.2034251232878468,
      1.1868502255826712,
      1.172903096904389,
      1.1581452307990565,
      1.1472882346604198,
      1.138338905172988,
      1.1304909771623703,
      1.1164720264105752,
      1.110583749632485,
      1.1033904063054167,
      1.0974885661381122,
      1.091499766888329,
      1.093902505243929,
      1.095873434798786,
      1.0958290117236371,
      1.098549042361232,
      1.102956919814832,
      1.1066336974549218,
      1.112560856837434,
      1.1208256532589849,
      1.1320737208040377,
      1.1532673250181606,
      1.2079434866151109,
      1.2544934483953178,
      1.2741916501483979,
      1.2999108106183548,
      1.3453489040223936,
      1.3767023042748912,
      1.410373375819514,
      1.4468004572124908,
      1.4800702845707487,
      1.4982915377845398,
      1.5369572153868385,
      1.5591989212904493,
      1.5320493748393684,
      1.5891795162194835,
      1.6853670610216098,
      1.741252617523693,
      1.7798006056596676,
      1.8140925974510729,
      1.8611317733987072,
      1.8942891955375671,
      1.9170916927889132,
      1.9084631217935215,
      1.9707176780548339,
      2.114251496883246,
      2.0637443244647673,
      2.0644460804165363,
      2.0951634295070516,
      2.118698134780311,
      2.2117848468664736,
      2.443590367373567,
      2.582785747683467,
      2.6220330584544342,
      2.719911199027357,
      3.0053904292682487,
      3.002278407922568,
      2.844207705019381,
      2.890470998736616,
      2.8884970646696733,
      3.0119078330719433,
      3.0625690109432697,
      3.078699984108678,
      3.1612342676034753,
      3.2597012973060244,
      3.285056031169221,
      3.3425094070145116,
      3.464417304855566,
      3.4319664651212602,
      3.558630224233999,
      3.5740673022148326,
      3.604948780597589,
      3.59430247183425,
      3.649839765918902,
      3.5490838721537363,
      3.723472158177592,
      3.757989791635507
    ],