{
  "config": {
    "run_name": "exp1_2",
    "out_dir": "./results",
    "seed": 420692343,
    "device": null,
    "bs_train": 128,
    "bs_test": 32,
    "batches": 500,
    "epochs": 100,
    "early_stopping": 3,
    "checkpoints": null,
    "lr": 0.001,
    "reg": 0.001,
    "filters_per_layer": [
      64
    ],
    "pool_every": 3,
    "hidden_dims": [
      100
    ],
    "model_type": "cnn",
    "kw": {},
    "layers_per_block": 4
  },
  "results": {
    "num_epochs": 0,
    "train_loss": [
      2.301765982147373,
      2.2602013505023457,
      2.0113518917956927,
      1.871688250995353,
      1.7726161028722973,
      1.6933519568894526,
      1.6228416987392298,
      1.5527565979286837,
      1.4867002006686862,
      1.425520345378105,
      1.3763367705942724,
      1.3350498008606073,
      1.2949861458805212,
      1.255775418123016,
      1.2184674521846235,
      1.1814294894942847,
      1.1467447067465624,
      1.1111211378860961,
      1.075377795397473,
      1.039552793478417,
      1.0049694607324917
    ],
    "train_acc": [
      10.862,
      13.792,
      27.51,
      33.148,
      36.996,
      39.878,
      42.348,
      44.85,
      47.246,
      49.458,
      51.276,
      52.804,
      54.424,
      55.714,
      57.068,
      58.358,
      59.6,
      60.858,
      62.222,
      63.604,
      64.866
    ],
    "test_loss": [
      2.298018163766343,
      2.1495782018850407,
      1.9308429236610096,
      1.80945950460891,
      1.7196576644818242,
      1.6476717642701852,
      1.5792298301721153,
      1.5170070199539867,
      1.4605779651635753,
      1.4136866727195228,
      1.3799371418480675,
      1.3569861023951644,
      1.330387676295381,
      1.2948172200982944,
      1.2729580177666662,
      1.2596740040916223,
      1.2389464902039915,
      1.2234556216020553,
      1.2313914358044584,
      1.2417427162392833,
      1.245432473409671
    ],
    "test_acc": [
      10.53,
      22.21,
      29.81,
      35.83,
      38.79,
      41.36,
      43.65,
      45.98,
      47.71,
      49.77,
      51.43,
      52.32,
      53.08,
      54.11,
      55.0,
      55.78,
      56.53,
      57.39,
      57.41,
      57.5,
      57.62
    ]
  }
}