{
  "config": {
    "run_name": "exp1_2",
    "out_dir": "./results",
    "seed": 1911365658,
    "device": null,
    "bs_train": 128,
    "bs_test": 32,
    "batches": 500,
    "epochs": 100,
    "early_stopping": 3,
    "checkpoints": null,
    "lr": 0.001,
    "reg": 0.001,
    "filters_per_layer": [
      256
    ],
    "pool_every": 3,
    "hidden_dims": [
      100
    ],
    "model_type": "cnn",
    "kw": {},
    "layers_per_block": 4
  },
  "results": {
    "num_epochs": 0,
    "train_loss": [
      2.302556353761717,
      2.2880828234240833,
      2.0903949566814295,
      1.9442146083583003,
      1.8491991990057708,
      1.7191737323160976,
      1.5918673313487217,
      1.5140506745604299,
      1.4581904109481656,
      1.4036737564579604,
      1.3525964036926894,
      1.3043624010232404,
      1.2591647104838926,
      1.2160584435743444,
      1.1759769732080152,
      1.1375421732283004,
      1.0997553856476494,
      1.062035734848598,
      1.0238095785650756,
      0.985513967321352,
      0.9471668712318401,
      0.9082272200633192,
      0.8701984511921778,
      0.8311017126683384,
      0.7915121525754709,
      0.7514987161092441,
      0.7103312316605502,
      0.6686430243427491,
      0.6274292439298557,
      0.588247552094862,
      0.5524879684076285,
      0.5230288808150669,
      0.4934228231839817,
      0.45058903387745325,
      0.4141780208138859,
      0.38845522160572776,
      0.36105072631707885,
      0.3496844276137974,
      0.31880027642640313,
      0.28990981356262246,
      0.25374282147649607,
      0.22494354179067075,
      0.21017891587808613,
      0.1928802022086385,
      0.18224976024092615,
      0.1697876728747202,
      0.13849204957790082,
      0.12425441514043246,
      0.10807021214719624,
      0.0793398014743767,
      0.06285152868951296,
      0.048077087313451276,
      0.04120359326357884,
      0.0337175670975481,
      0.026201614842076056,
      0.02286624054655509,
      0.016839224595667036,
      0.01406200224583697,
      0.010484098936752666,
      0.0082841022592157,
      0.005264541340570259,
      0.003102484774594779,
      0.002045507550381286,
      0.0014740691253500979,
      0.0011821747162019658,
      0.0010022419524769706,
      0.0008819366942512352,
      0.0007980684911304622,
      0.0007318419188765995,
      0.0006771880894830293,
      0.0006310243582766255,
      0.0005916284599408146,
      0.0005568667914738636,
      0.0005266988741741885,
      0.0004997094644664113,
      0.0004755880420088477,
      0.0004538387438515201,
      0.0004342228498445619,
      0.00041606290938208816,
      0.0003995071045796523,
      0.00038434026523611134,
      0.00037028547387559424,
      0.0003572252074815095,
      0.00034528603935685684,
      0.0003338981680470802,
      0.0003234240912508977,
      0.0003135524902065806,
      0.0003043193214684915,
      0.0002955109835766099,
      0.0002873921329575374,
      0.00027958880922750537,
      0.00027225031490649674,
      0.00026525566362209564,
      0.0002586081273780238,
      0.00025234437947559867,
      0.00024632777229485596,
      0.0002406697025146845,
      0.0002351818492224016,
      0.00023001118445434892,
      0.00022503578753816202
    ],
    "train_acc": [
      11.082,
      12.788,
      23.204,
      29.628,
      33.962,
      38.176,
      42.562,
      45.552,
      47.738,
      49.838,
      51.796,
      53.694,
      55.438,
      57.222,
      58.744,
      60.22,
      61.512,
      62.908,
      64.162,
      65.622,
      67.066,
      68.602,
      70.012,
      71.392,
      72.838,
      74.262,
      75.738,
      77.29,
      78.77,
      80.224,
      81.414,
      82.326,
      83.312,
      84.944,
      86.118,
      86.926,
      87.66,
      87.884,
      89.114,
      90.116,
      91.396,
      92.344,
      92.902,
      93.424,
      93.754,
      94.072,
      95.374,
      95.894,
      96.44,
      97.52,
      98.1,
      98.634,
      98.838,
      99.116,
      99.36,
      99.458,
      99.656,
      99.756,
      99.846,
      99.89,
      99.954,
      99.984,
      99.99,
      99.998,
      99.998,
      100.0,
      100.0,
      100.0,
      100.0,
      100.0,
      100.0,
      100.0,
      100.0,
      100.0,
      100.0,
      100.0,
      100.0,
      100.0,
      100.0,
      100.0,
      100.0,
      100.0,
      100.0,
      100.0,
      100.0,
      100.0,
      100.0,
      100.0,
      100.0,
      100.0,
      100.0,
      100.0,
      100.0,
      100.0,
      100.0,
      100.0,
      100.0,
      100.0,
      100.0,
      100.0
    ],
    "test_loss": [
      2.29969543542344,
      2.256230547024419,
      1.9809495633402572,
      1.8995363323833234,
      1.7830387045400211,
      1.6214557196766424,
      1.514927286309556,
      1.4839162529467014,
      1.4378776005662668,
      1.3874227143705082,
      1.3451897739983214,
      1.3081908237438995,
      1.2671945015081583,
      1.2245374569496787,
      1.1965512288645053,
      1.1711125912757727,
      1.1488068018096704,
      1.1295059102411849,
      1.115742285792439,
      1.1009547647576743,
      1.0854454059570362,
      1.0713017782845056,
      1.0618882461096912,
      1.0492940436536893,
      1.0450555678373707,
      1.049774157924774,
      1.0541428620822895,
      1.0709780624118477,
      1.0880643119827247,
      1.1077158968098246,
      1.1299753853688226,
      1.1625056121105584,
      1.1756577941175468,
      1.2245739773629953,
      1.3225907295847092,
      1.3697168663286934,
      1.4669329840154313,
      1.5819874963821314,
      1.5669680011158171,
      1.5845207153989103,
      1.6835755267844033,
      1.7549205607118699,
      1.8110591445487147,
      1.9320886112249698,
      1.9319769884831608,
      2.08014375257035,
      1.9774522474779488,
      1.9775186236293172,
      2.0504289343715096,
      2.1220858060894683,
      2.246274651049044,
      2.3212699941552866,
      2.395560955277647,
      2.4595478689327788,
      2.522184862305943,
      2.624685655386684,
      2.585173841482534,
      2.6247442741744433,
      2.662685441513793,
      2.7069149411524447,
      2.7436936905208866,
      2.7841002794500356,
      2.826222976366171,
      2.870919539143864,
      2.904993549512979,
      2.9340082542203105,
      2.9600343696606424,
      2.983414635681116,
      3.0039530015601135,
      3.0231943629420224,
      3.0409513683364797,
      3.057246619520096,
      3.0724007647258404,
      3.0868570945514278,
      3.100220578927963,
      3.113280130270571,
      3.1254538609958686,
      3.1370516091870804,
      3.148346566354124,
      3.1592656059767874,
      3.169748512891154,
      3.179740869960846,
      3.189639091301269,
      3.1989265727920655,
      3.2081417445176705,
      3.21694299397758,
      3.2254334046436957,
      3.2338222074813356,
      3.241898448703388,
      3.2498474494336893,
      3.257606993658474,
      3.26502394123961,
      3.2724481881997836,
      3.279648511935347,
      3.2865013819152176,
      3.2934432452479108,
      3.300015842381377,
      3.3066817154518713,
      3.3131629226687616,
      3.319535040246031
    ],