{
  "config": {
    "run_name": "exp1_2",
    "out_dir": "./results",
    "seed": 673206128,
    "device": null,
    "bs_train": 128,
    "bs_test": 32,
    "batches": 500,
    "epochs": 100,
    "early_stopping": 3,
    "checkpoints": null,
    "lr": 0.001,
    "reg": 0.001,
    "filters_per_layer": [
      128
    ],
    "pool_every": 2,
    "hidden_dims": [
      100
    ],
    "model_type": "cnn",
    "kw": {},
    "layers_per_block": 2
  },
  "results": {
    "num_epochs": 0,
    "train_loss": [
      2.1386830632948812,
      1.8780637497792159,
      1.7498468099652653,
      1.6332106956130708,
      1.527947680419668,
      1.435121755465827,
      1.3641930309402974,
      1.30993318435786,
      1.2651331534471049,
      1.2255847742185568,
      1.1897410015620844,
      1.1550108926070621,
      1.1214243336711698,
      1.0879803421857106,
      1.054865067267357,
      1.0219392976187684,
      0.9897932837076504,
      0.958072259298066,
      0.9272913277301642,
      0.8967360730671212,
      0.8670341413649146
    ],
    "train_acc": [
      22.968,
      33.704,
      38.612,
      42.356,
      45.794,
      49.006,
      51.51,
      53.504,
      55.184,
      56.624,
      57.998,
      59.38,
      60.62,
      61.89,
      63.124,
      64.452,
      65.684,
      66.868,
      67.898,
      69.07,
      70.068
    ],
    "test_loss": [
      1.938969854729625,
      1.8107729502760184,
      1.6744887745037627,
      1.5609952988335118,
      1.4647944384870437,
      1.3910189627077634,
      1.3399856797041603,
      1.2990028446855637,
      1.2617651919206492,
      1.2276617002944215,
      1.1988325855983333,
      1.1750651276149688,
      1.1532764488134901,
      1.1314089130669738,
      1.1112054315999673,
      1.0938307827653977,
      1.0754777741508361,
      1.060731397269252,
      1.047247550548456,
      1.0379216739544854,
      1.030662802271188
    ],
    "test_acc": [
      31.27,
      36.38,
      41.48,
      45.06,
      47.66,
      50.94,
      52.94,
      54.5,
      55.57,
      56.94,
      58.05,
      58.69,
      59.57,
      60.55,
      61.27,
      61.95,
      62.61,
      63.03,
      63.64,
      64.09,
      64.35
    ]
  }
}