{
  "config": {
    "run_name": "exp1_1",
    "out_dir": "./results",
    "seed": 949490,
    "device": null,
    "bs_train": 128,
    "bs_test": 32,
    "batches": 50,
    "epochs": 100,
    "early_stopping": 3,
    "checkpoints": null,
    "lr": 0.001,
    "reg": 0.001,
    "filters_per_layer": [
      64
    ],
    "pool_every": 2,
    "hidden_dims": [
      100
    ],
    "model_type": "cnn",
    "kw": {},
    "layers_per_block": 2
  },
  "results": {
    "num_epochs": 0,
    "train_loss": [
      2.2760885060595735,
      2.0509571718133013,
      1.9172798267105962,
      1.8099821491924393,
      1.673478716779548,
      1.5704369404736687,
      1.4989013449310342,
      1.4375544313884452,
      1.386323280956434,
      1.3431248405705327,
      1.3051761772931385,
      1.2699237903365699,
      1.237089427230913,
      1.2060241354700854,
      1.176660620952811,
      1.1483921356823132,
      1.1217822030072322,
      1.0970052447160492,
      1.073353206867452,
      1.051431137277647,
      1.030081586612155,
      1.0093944219067275,
      0.9887661540599735,
      0.968336835389247,
      0.9483253117412558,
      0.928453925473001,
      0.9085240864082981,
      0.8886680381987101,
      0.8689938062597113,
      0.8492586021228214,
      0.8298262552836971,
      0.8108421926913054,
      0.7921301009100111,
      0.773518965067461,
      0.7550993851383628,
      0.7372148058298603,
      0.7191458923737412,
      0.7017453244275145,
      0.6846106915217837,
      0.667386406370441,
      0.6505513114240163,
      0.6340684153692192,
      0.617506415261637,
      0.6020960814660162,
      0.5867855031319591,
      0.5717176234783115,
      0.5570556670046218,
      0.5423307208453908,
      0.5276430036558215,
      0.5132493861495991,
      0.4983199805097507,
      0.4830509621621398,
      0.46710507263003104,
      0.4502971586973771,
      0.4339887851949238,
      0.4189518799104959,
      0.4049634133534663,
      0.39188150478445966,
      0.38005908607217054,
      0.3703779470737633,
      0.3610759519250192,
      0.35275440062860697,
      0.3457079915439381,
      0.3411460793231759,
      0.3398092373100388,
      0.3415325088116824,
      0.33876690630565215,
      0.3259382415610506,
      0.30863641522577046,
      0.2941525342595547,
      0.2836887100163628,
      0.27645922640857795,
      0.27341799742882816,
      0.2687334856185157,
      0.26271798181564304,
      0.2561213526579425,
      0.25167836734782095,
      0.24614819221179504,
      0.23782589017887554,
      0.2269930963397331,
      0.2193102990574849,
      0.21484395305214027,
      0.20659403361932702,
      0.20160138382173864,
      0.1960573230519929,
      0.18589536782801913,
      0.18137183105168136,
      0.17907616318872824,
      0.17654158918144147,
      0.17208561470822606,
      0.1650666929590885,
      0.15165587266921388,
      0.1385576775121262,
      0.12860421228515523,
      0.11389583213936033,
      0.10185075161592735,
      0.0921464054738088,
      0.07989258385356278,
      0.07095554508173557,
      0.06419870465079232
    ],
    "train_acc": [
      13.586,
      26.978,
      31.9,
      36.354,
      40.642,
      43.684,
      46.382,
      48.7,
      50.708,
      52.342,
      53.946,
      55.278,
      56.334,
      57.414,
      58.55,
      59.56,
      60.654,
      61.604,
      62.47,
      63.404,
      64.274,
      64.964,
      65.72,
      66.536,
      67.25,
      67.924,
      68.584,
      69.248,
      69.984,
      70.742,
      71.492,
      72.184,
      72.866,
      73.524,
      74.162,
      74.742,
      75.422,
      76.042,
      76.722,
      77.306,
      77.92,
      78.456,
      79.028,
      79.57,
      80.146,
      80.672,
      81.246,
      81.836,
      82.38,
      82.886,
      83.396,
      84.094,
      84.76,
      85.332,
      85.932,
      86.514,
      87.018,
      87.5,
      87.972,
      88.276,
      88.584,
      88.834,
      88.956,
      88.846,
      88.734,
      88.59,
      88.474,
      89.0,
      89.826,
      90.428,
      90.808,
      90.918,
      90.884,
      90.978,
      91.286,
      91.332,
      91.54,
      91.644,
      91.97,
      92.364,
      92.664,
      92.75,
      93.168,
      93.292,
      93.438,
      93.976,
      94.022,
      94.052,
      94.182,
      94.274,
      94.566,
      95.134,
      95.654,
      96.19,
      96.736,
      97.188,
      97.614,
      98.118,
      98.562,
      98.832
    ],
    "test_loss": [
      2.2037582252734005,
      1.9559940316806586,
      1.8688113780829092,
      1.7407445378196886,
      1.6042250013960817,
      1.5228384199995584,
      1.4572850789505833,
      1.404274993049451,
      1.3646801462569558,
      1.3257904248877455,
      1.2928900274986657,
      1.262150715524777,
      1.2338599276999695,
      1.208127217932631,
      1.1857778582329186,
      1.1657116813019823,
      1.147332525481812,
      1.1323018464417502,
      1.1186088765391147,
      1.1063462452004893,
      1.0953173502184712,
      1.0863822441512403,
      1.0787170274189104,
      1.069738183920376,
      1.060452480095263,
      1.0512343372780675,
      1.0421559606878141,
      1.031366577354102,
      1.0221518305734323,
      1.0152001342834376,
      1.0102733068001537,
      1.0064058973195074,
      1.0023399568594302,
      0.9988164637987607,
      0.9962291210032881,
      0.9964467736478811,
      0.9947476987831128,
      0.9959942804167445,
      0.9961828100033843,
      0.9988862604569322,
      1.0002500957574327,
      1.00379636702827,
      1.0097058284016083,
      1.0156217271717973,
      1.0210084153440433,
      1.02953299584861,
      1.040146056074685,
      1.0558364929292148,
      1.0769656501448572,
      1.1050072480885746,
      1.1416192685072415,
      1.170561771328076,
      1.1965970722631143,
      1.2180094535167987,
      1.2308256225273633,
      1.2363561872666635,
      1.2262672369662946,
      1.2125565908587397,
      1.2040396279420336,
      1.2381693871257404,
      1.3248784946747862,
      1.3857461510184474,
      1.3913234954063123,
      1.38670843982468,
      1.4074006933754626,
      1.4515147536707382,
      1.486777615337707,
      1.5000318319271928,
      1.4970373349448742,
      1.5168608454660104,
      1.5645506268682572,
      1.6223013197271208,
      1.6245060582130482,
      1.6339386259785855,
      1.608774587750054,
      1.5505009588722984,
      1.564677218469187,
      1.6113895303525103,
      1.6430254374830107,
      1.6270293156369426,
      1.6351994987303458,
      1.6695831330439534,
      1.6907061625974247,
      1.7457659432111077,
      1.7639926219710147,
      1.8298740827808746,
      1.8223031247957064,
      1.7689465773753084,
      1.7286193322259398,
      1.7684793455151324,
      1.997700365206685,
      2.353072420857585,
      2.3614115766443002,
      2.1616524880686505,
      1.9990186860767036,
      1.8883164037530795,
      1.9324647386234028,
      1.9692193675345886,
      2.0082258822057195,
      2.0353456259535525
    ],