{
  "config": {
    "run_name": "exp1_2",
    "out_dir": "./results",
    "seed": 1035767418,
    "device": null,
    "bs_train": 128,
    "bs_test": 32,
    "batches": 500,
    "epochs": 100,
    "early_stopping": 3,
    "checkpoints": null,
    "lr": 0.001,
    "reg": 0.001,
    "filters_per_layer": [
      32
    ],
    "pool_every": 3,
    "hidden_dims": [
      100
    ],
    "model_type": "cnn",
    "kw": {},
    "layers_per_block": 4
  },
  "results": {
    "num_epochs": 0,
    "train_loss": [
      2.301884176785989,
      2.254273246926115,
      2.059141510892707,
      1.907576662195308,
      1.796048589069825,
      1.712235623918226,
      1.6543427986257218,
      1.6107150075380758,
      1.5711167944056907,
      1.5322214230856932,
      1.4919231270280335,
      1.4529592698187475,
      1.4132562653183023,
      1.3743927426960156,
      1.3371735411836667,
      1.3022248690085643,
      1.2683809809672557,
      1.2372174424588527,
      1.206716966293657,
      1.1807473021395065,
      1.1521794634401952,
      1.1216807834937443
    ],
    "train_acc": [
      9.72,
      13.458,
      26.062,
      31.87,
      35.956,
      38.85,
      41.12,
      42.896,
      44.326,
      45.828,
      47.232,
      48.63,
      49.828,
      51.4,
      52.846,
      54.006,
      55.21,
      56.152,
      57.258,
      58.246,
      59.34,
      60.476
    ],
    "test_loss": [
      2.2970648291773688,
      2.161576549846905,
      1.962422575051792,
      1.8739327915941184,
      1.7572501280818122,
      1.6756878036279648,
      1.6309288534493491,
      1.5878793884770939,
      1.5534286137206106,
      1.515964600986566,
      1.4834072380401075,
      1.4497231488791518,
      1.416284919546816,
      1.391585206261839,
      1.366560057900584,
      1.3429757331887755,
      1.3279275437132618,
      1.310383540372879,
      1.2982419365511153,
      1.2882337912964745,
      1.2866872867075398,
      1.2827772105844637
    ],
    "test_acc": [
      10.17,
      20.06,
      29.75,
      32.91,
      37.27,
      40.22,
      41.94,
      43.77,
      45.03,
      46.46,
      47.68,
      49.11,
      50.18,
      50.81,
      51.55,
      52.7,
      53.3,
      53.81,
      54.14,
      54.74,
      55.16,
      55.34
    ]
  }
}