{
  "config": {
    "run_name": "exp1_2",
    "out_dir": "./results",
    "seed": 92942938,
    "device": null,
    "bs_train": 128,
    "bs_test": 32,
    "batches": 500,
    "epochs": 100,
    "early_stopping": 3,
    "checkpoints": null,
    "lr": 0.001,
    "reg": 0.001,
    "filters_per_layer": [
      128
    ],
    "pool_every": 3,
    "hidden_dims": [
      100
    ],
    "model_type": "cnn",
    "kw": {},
    "layers_per_block": 4
  },
  "results": {
    "num_epochs": 0,
    "train_loss": [
      2.301835001582075,
      2.288608019919042,
      2.104705645300238,
      1.9711635045688172,
      1.8984590332831264,
      1.825951109761777,
      1.7412540549817292,
      1.644465035794641,
      1.5607057325065594,
      1.5041842533804266,
      1.4594268304917513,
      1.418067269313061,
      1.378461757584301,
      1.3402450322495092,
      1.3017193667419122,
      1.2634465706622815,
      1.2257026148879009,
      1.1901334048537038,
      1.1561740147488198,
      1.1233458438187913,
      1.0907153174700335,
      1.057801408231106,
      1.0247801222154855,
      0.9911234229421981,
      0.9585956621657857,
      0.9259021270000721,
      0.8921741132845964,
      0.8575662435473078,
      0.8246998454603698,
      0.7911899065422585,
      0.7585478431123602,
      0.7262777888866336,
      0.6944057308042141,
      0.6631131182088876,
      0.6340521616704019,
      0.6058374504603998,
      0.5784420194985617,
      0.5472070733299645,
      0.5184481555543592,
      0.4908558575393599,
      0.4642495685221289,
      0.4379064741037081,
      0.4192033574709197,
      0.4022064660973561,
      0.37929426434704716,
      0.3548077442838103,
      0.3404327382135879,
      0.3132025307554113,
      0.28455727333988984,
      0.2698015527575827,
      0.25082853047744086,
      0.2255544679053604,
      0.2103555676767893,
      0.1886089494085068,
      0.16766149563062221,
      0.15235428137661855,
      0.14374455022613716,
      0.1338548254593254,
      0.1184130371131403,
      0.1012432068929343,
      0.08259308400094661,
      0.06731141457224593,
      0.05744567022556463,
      0.05084124889196185,
      0.04137260885075535,
      0.03315460420144565,
      0.02772636877139435,
      0.023717907786755192,
      0.019772132834815003,
      0.015984046642723328,
      0.01201004238264478,
      0.008815041730118453,
      0.005963347615231105,
      0.004007704432129555,
      0.002418352052798052,
      0.0016993839347906544,
      0.0013472778295986164,
      0.0011356639335035582,
      0.0009905834582692628,
      0.0008868667693949206,
      0.0008066350677454978,
      0.000741532029848441,
      0.0006875581075431412,
      0.000641471445028994,
      0.0006020615959097572,
      0.00056712551778891,
      0.000537053706659459,
      0.0005095278659416839,
      0.00048513932406212755,
      0.0004632095855055139,
      0.0004433313136934624,
      0.000425280910484014,
      0.0004088263522879437,
      0.00039316812334993086,
      0.00037900492183990953,
      0.00036599423664951305,
      0.00035364771255633204,
      0.0003422734276924516,
      0.00033153726874441005,
      0.0003215318281903787
    ],
    "train_acc": [
      10.0,
      10.674,
      21.996,
      28.128,
      31.896,
      34.732,
      37.844,
      40.824,
      43.96,
      46.174,
      47.742,
      49.232,
      50.75,
      52.284,
      53.804,
      55.258,
      56.788,
      58.178,
      59.424,
      60.658,
      61.794,
      63.08,
      64.234,
      65.382,
      66.668,
      67.83,
      69.202,
      70.494,
      71.684,
      72.906,
      74.14,
      75.336,
      76.48,
      77.612,
      78.636,
      79.56,
      80.58,
      81.566,
      82.508,
      83.41,
      84.39,
      85.092,
      85.49,
      86.09,
      86.82,
      87.536,
      88.04,
      89.078,
      90.146,
      90.544,
      91.16,
      92.034,
      92.476,
      93.34,
      94.202,
      94.748,
      95.04,
      95.37,
      95.924,
      96.57,
      97.288,
      97.902,
      98.206,
      98.472,
      98.836,
      99.1,
      99.258,
      99.4,
      99.51,
      99.628,
      99.792,
      99.868,
      99.95,
      99.97,
      99.996,
      99.998,
      100.0,
      100.0,
      100.0,
      100.0,
      100.0,
      100.0,
      100.0,
      100.0,
      100.0,
      100.0,
      100.0,
      100.0,
      100.0,
      100.0,
      100.0,
      100.0,
      100.0,
      100.0,
      100.0,
      100.0,
      100.0,
      100.0,
      100.0,
      100.0
    ],
    "test_loss": [
      2.2992703960345575,
      2.260104756004894,
      2.0024975404952663,
      1.9315646189851121,
      1.8531895167530534,
      1.7782827493862603,
      1.6900506792738796,
      1.5719101809845946,
      1.528316604062772,
      1.476112014950274,
      1.429611971583991,
      1.391967865986565,
      1.3720122290114625,
      1.3540845865639635,
      1.323146212405671,
      1.2840453062575465,
      1.2495113340810464,
      1.2296132896654903,
      1.2106767679555728,
      1.1878812084563624,
      1.1590340293634434,
      1.1368911353924784,
      1.1176613093184207,
      1.1018604093466322,
      1.092164437420452,
      1.0823929387921343,
      1.079639293324833,
      1.0740448333584844,
      1.0763324742880873,
      1.0935781325775975,
      1.10702688206499,
      1.1263378970920088,
      1.1378952085781402,
      1.1464833666722234,
      1.164544090200156,
      1.1821298869654013,
      1.204505795868822,
      1.2427586172335445,
      1.3037509920117192,
      1.3710132814443912,
      1.4342477841499133,
      1.444314749667439,
      1.4678451734990738,
      1.504207422558111,
      1.5368429580435585,
      1.620107556113039,
      1.6940356020729381,
      1.7679402306437872,
      1.812210060537052,
      1.7956060843345838,
      1.8491956174564057,
      1.9267742989924008,
      1.9926339584036756,
      2.1947000607514915,
      2.2571270526788485,
      2.257531337654248,
      2.260681662506189,
      2.426336981998846,
      2.420038032074706,
      2.4841258803876443,
      2.472256967434868,
      2.560012203055068,
      2.6397240896956227,
      2.722384925277088,
      2.844373532187063,
      2.9378572666226104,
      2.8988125607990227,
      2.9291811164575643,
      3.035860255503426,
      3.0835051262340607,
      3.0918360560085065,
      3.112059560065833,
      3.2465196703188717,
      3.270787831312551,
      3.3092817098568803,
      3.345859506640571,
      3.3851669482148874,
      3.4193212410893303,
      3.449009698039046,
      3.4746559652657556,
      3.4975859517106613,
      3.518471735734909,
      3.5380647795649764,
      3.5560019652302652,
      3.5727347733494574,
      3.5882147367769917,
      3.6030724878890066,
      3.6171678898814386,
      3.6304512526661443,
      3.6433367222642747,
      3.655543080153176,
      3.6674432659301512,
      3.6789539130731894,
      3.6897335326709686,
      3.7003794405787898,
      3.710677218513367,
      3.72067843458523,
      3.7303259833552205,
      3.7397606662287117,
      3.749032260510868
    ],