{
  "config": {
    "run_name": "exp1_2",
    "out_dir": "./results",
    "seed": 2126221700,
    "device": null,
    "bs_train": 128,
    "bs_test": 32,
    "batches": 500,
    "epochs": 100,
    "early_stopping": 3,
    "checkpoints": null,
    "lr": 0.001,
    "reg": 0.001,
    "filters_per_layer": [
      64
    ],
    "pool_every": 5,
    "hidden_dims": [
      100
    ],
    "model_type": "cnn",
    "kw": {},
    "layers_per_block": 8
  },
  "results": {
    "num_epochs": 0,
    "train_loss": [
      2.303845463506401,
      2.3030504448639464,
      2.302777544006972,
      2.302679823487616
    ],
    "train_acc": [
      10.0,
      9.946,
      9.954,
      9.888
    ],
    "test_loss": [
      2.303312705347713,
      2.3028558862095063,
      2.3026899217416683,
      2.302626528298131
    ],
    "test_acc": [
      10.0,
      10.0,
      10.0,
      10.0
    ]
  }
}