{
  "config": {
    "run_name": "exp1_2",
    "out_dir": "./results",
    "seed": 1318516773,
    "device": null,
    "bs_train": 128,
    "bs_test": 32,
    "batches": 500,
    "epochs": 100,
    "early_stopping": 3,
    "checkpoints": null,
    "lr": 0.001,
    "reg": 0.001,
    "filters_per_layer": [
      32
    ],
    "pool_every": 3,
    "hidden_dims": [
      100
    ],
    "model_type": "cnn",
    "kw": {},
    "layers_per_block": 4
  },
  "results": {
    "num_epochs": 0,
    "train_loss": [
      2.3030140320663257,
      2.3021513781584133,
      2.3011553403361678,
      2.2987276001659502,
      2.286997285340448,
      2.1556204895839057,
      2.015770834425221,
      1.9633902753405559,
      1.9048703418058508,
      1.8194627185611774,
      1.7393557717428183,
      1.6706350517394903,
      1.6058540487533335,
      1.550635041483223,
      1.5071141350909572,
      1.4684558420839822,
      1.4291988102066548,
      1.390653808708386,
      1.355498628238278,
      1.3231261002133266,
      1.2929695564157822,
      1.263948297561587,
      1.237250240257634,
      1.210399001760556,
      1.1846496357637293,
      1.1600070303053502,
      1.135250994768899,
      1.1115461757116,
      1.0882539418347352,
      1.0659474337192447,
      1.0441390966515407,
      1.0225009424302278,
      1.0010104168711416,
      0.9802913943215099,
      0.959239687913519,
      0.9387064124922009,
      0.9195749741381086,
      0.899687541567761,
      0.8814207143185998,
      0.8635338209474178,
      0.8453080457494692,
      0.827752463500518,
      0.8094477598624461,
      0.7910666900217685,
      0.7735052503588254,
      0.7567855188303896,
      0.7396462629823124,
      0.7228061431051825,
      0.7083115783493842,
      0.6942248206461787,
      0.6790878448797308,
      0.6664115810180868,
      0.654404613596704,
      0.6419709304257122,
      0.6276919894358691,
      0.6138498468319779,
      0.6000880529661008,
      0.5868447993874855,
      0.5766022828838709,
      0.5636781712474725,
      0.5508713556829926,
      0.5371123101857617,
      0.5252717848476547,
      0.5138752314135852,
      0.5027802871621173,
      0.4921811627762397,
      0.48582932657902805,
      0.4812774904396223,
      0.4718042073194938,
      0.45910832095329107
    ],
    "train_acc": [
      10.17,
      10.722,
      11.122,
      13.632,
      17.322,
      20.31,
      25.324,
      28.034,
      30.904,
      34.622,
      37.28,
      39.486,
      41.828,
      43.984,
      45.692,
      47.334,
      48.954,
      50.318,
      51.724,
      52.998,
      54.274,
      55.47,
      56.378,
      57.462,
      58.48,
      59.516,
      60.414,
      61.238,
      62.064,
      62.794,
      63.614,
      64.318,
      65.026,
      65.812,
      66.644,
      67.432,
      68.136,
      68.96,
      69.684,
      70.278,
      70.924,
      71.388,
      72.192,
      72.764,
      73.428,
      73.942,
      74.546,
      75.268,
      75.766,
      76.318,
      76.86,
      77.204,
      77.648,
      77.864,
      78.51,
      78.942,
      79.328,
      79.822,
      80.21,
      80.75,
      81.242,
      81.754,
      82.056,
      82.468,
      82.752,
      83.038,
      83.21,
      83.388,
      83.738,
      84.036
    ],
    "test_loss": [
      2.302457718041758,
      2.3016402523357646,
      2.3002124525868473,
      2.2958515703487703,
      2.265100780005653,
      2.0362053435450544,
      1.9720057165279936,
      1.9275994666468221,
      1.875159701219382,
      1.7609939091502669,
      1.6890806112045678,
      1.6174401242892964,
      1.5581005556514849,
      1.5250149386378522,
      1.5048034709101668,
      1.4844635340352408,
      1.447338363423515,
      1.405940597811446,
      1.3703612037740958,
      1.3332189748081535,
      1.2970862106774181,
      1.2690950639712544,
      1.2443812358112762,
      1.2251909310444475,
      1.2126102914063694,
      1.2001669281206953,
      1.1880646471779186,
      1.17002271501401,
      1.1572319034951182,
      1.1400282647663031,
      1.1286423794758587,
      1.1164285906206686,
      1.1033368512464408,
      1.0926690577698972,
      1.0858961827457903,
      1.0790102923640048,
      1.077813087180019,
      1.0764489111047202,
      1.0827720690839968,
      1.0832735501920072,
      1.0874959078078834,
      1.0916805322558736,
      1.1008162816492513,
      1.1067857553783698,
      1.1114714214215264,
      1.1166932433367538,
      1.1250766805185677,
      1.1315503952602228,
      1.1385352150700725,
      1.1472916783997045,
      1.1515321817260962,
      1.155975606304388,
      1.1715084108681724,
      1.1748890844396889,
      1.1910209452001432,
      1.2090869292664452,
      1.2317849075832306,
      1.279161483525468,
      1.340880184318311,
      1.4002726078033447,
      1.4505573966251775,
      1.4632417380619354,
      1.4688633295674673,
      1.4991918981265717,
      1.522637193004925,
      1.5544784566084036,
      1.5771500689153093,
      1.5508764713716965,
      1.5305649066885438,
      1.530254888553589
    ],
    "test_acc": [
      12.07,
      9.98,
      10.37,
      15.71,
      16.28,
      23.69,
      27.99,
      29.55,
      31.99,
      37.04,
      39.58,
      41.73,
      43.68,
      44.94,
      45.86,
      47.22,
      48.72,
      50.08,
      51.56,
      53.04,
      53.82,
      55.14,
      55.76,
      56.43,
      56.95,
      57.48,
      57.9,
      58.58,
      58.96,
      59.93,
      60.28,
      60.83,
      61.48,
      62.1,
      62.18,
      62.62,
      62.74,
      63.03,
      63.04,
      63.12,
      63.06,
      63.22,
      62.97,
      62.88,
      62.94,
      62.97,
      62.99,
      63.13,
      63.32,
      63.31,
      63.14,
      63.35,
      63.04,
      63.02,
      62.99,
      63.06,
      62.91,
      62.41,
      61.68,
      60.72,
      59.92,
      60.05,
      60.36,
      60.32,
      60.5,
      60.32,
      60.34,
      60.53,
      60.99,
      61.12
    ]
  }
}