{
  "config": {
    "run_name": "exp1_2",
    "out_dir": "./results",
    "seed": 295394424,
    "device": null,
    "bs_train": 128,
    "bs_test": 32,
    "batches": 500,
    "epochs": 100,
    "early_stopping": 3,
    "checkpoints": null,
    "lr": 0.001,
    "reg": 0.001,
    "filters_per_layer": [
      128
    ],
    "pool_every": 5,
    "hidden_dims": [
      100
    ],
    "model_type": "cnn",
    "kw": {},
    "layers_per_block": 8
  },
  "results": {
    "num_epochs": 0,
    "train_loss": [
      2.3038769512225294,
      2.3030754416190145,
      2.3027863276888954,
      2.302675978302041
    ],
    "train_acc": [
      9.874,
      9.974,
      9.942,
      9.898
    ],
    "test_loss": [
      2.3032905255643703,
      2.302839727828297,
      2.3026720456802807,
      2.3026066641457166
    ],
    "test_acc": [
      10.0,
      10.0,
      10.0,
      10.0
    ]
  }
}