{
  "config": {
    "run_name": "exp1_2",
    "out_dir": "./results",
    "seed": 1502872130,
    "device": null,
    "bs_train": 128,
    "bs_test": 32,
    "batches": 500,
    "epochs": 100,
    "early_stopping": 3,
    "checkpoints": null,
    "lr": 0.001,
    "reg": 0.001,
    "filters_per_layer": [
      256
    ],
    "pool_every": 2,
    "hidden_dims": [
      100
    ],
    "model_type": "cnn",
    "kw": {},
    "layers_per_block": 2
  },
  "results": {
    "num_epochs": 0,
    "train_loss": [
      2.059008233687457,
      1.7849167942086144,
      1.637228077939709,
      1.5064541424631768,
      1.3967858177926533,
      1.3187821371780941,
      1.2591228262542764,
      1.2072851075540723,
      1.159766607424792,
      1.1152883757410756,
      1.0730624528187316,
      1.0330148604519838,
      0.9956684665911643,
      0.9601769326897838,
      0.9259247301179735,
      0.8928412124324028,
      0.8612079631032237,
      0.8299850851983366,
      0.799319478556933
    ],
    "train_acc": [
      26.766,
      37.518,
      42.506,
      46.692,
      50.438,
      53.278,
      55.57,
      57.514,
      59.19,
      60.84,
      62.416,
      63.968,
      65.302,
      66.538,
      67.838,
      68.948,
      70.154,
      71.332,
      72.454
    ],
    "test_loss": [
      1.8744892525596741,
      1.6854850826933743,
      1.5536877088272534,
      1.4349751659094716,
      1.3518754977006882,
      1.3003458401646477,
      1.254997247133773,
      1.2140345030699293,
      1.1780139969560666,
      1.1447059173172656,
      1.1135426554055259,
      1.0865546314480206,
      1.06407224579741,
      1.0438573545160386,
      1.0272560001562199,
      1.0146642165443005,
      1.0050267992309108,
      0.9959182465038361,
      0.9887979565717923
    ],
    "test_acc": [
      33.56,
      41.29,
      45.61,
      49.34,
      52.03,
      54.35,
      56.0,
      57.6,
      58.87,
      59.91,
      60.99,
      61.9,
      62.72,
      63.45,
      64.04,
      64.55,
      65.02,
      65.47,
      65.77
    ]
  }
}