{
  "config": {
    "run_name": "exp1_2",
    "out_dir": "./results",
    "seed": 2127146305,
    "device": null,
    "bs_train": 128,
    "bs_test": 32,
    "batches": 500,
    "epochs": 100,
    "early_stopping": 3,
    "checkpoints": null,
    "lr": 0.001,
    "reg": 0.001,
    "filters_per_layer": [
      32
    ],
    "pool_every": 5,
    "hidden_dims": [
      100
    ],
    "model_type": "cnn",
    "kw": {},
    "layers_per_block": 8
  },
  "results": {
    "num_epochs": 0,
    "train_loss": [
      2.3037917906670926,
      2.3030165595471708,
      2.3027605943362732,
      2.3026720501882645
    ],
    "train_acc": [
      10.0,
      10.0,
      10.0,
      9.956
    ],
    "test_loss": [
      2.303246417365516,
      2.3028211662182794,
      2.3026715147609527,
      2.3026171096216754
    ],
    "test_acc": [
      10.0,
      10.0,
      10.0,
      10.0
    ]
  }
}