{
  "config": {
    "run_name": "exp1_2",
    "out_dir": "./results",
    "seed": 1536082446,
    "device": null,
    "bs_train": 128,
    "bs_test": 32,
    "batches": 500,
    "epochs": 100,
    "early_stopping": 3,
    "checkpoints": null,
    "lr": 0.001,
    "reg": 0.001,
    "filters_per_layer": [
      64
    ],
    "pool_every": 2,
    "hidden_dims": [
      100
    ],
    "model_type": "cnn",
    "kw": {},
    "layers_per_block": 2
  },
  "results": {
    "num_epochs": 0,
    "train_loss": [
      2.21267196619907,
      1.9481237952971397,
      1.8407009745497838,
      1.7492271207482613,
      1.668405868208317,
      1.6027360794794223,
      1.5429893698533783,
      1.4827570375579093,
      1.4243175980380125,
      1.3716641338280096,
      1.3252980309679074,
      1.284402253682656,
      1.247792920797987,
      1.2147493719139977,
      1.1834610298161616,
      1.1538884302844172,
      1.124491158348825,
      1.0958285761611235,
      1.067481921761847,
      1.039234761691764,
      1.0115161746969004,
      0.9842459080774156,
      0.95830933380005,
      0.9326934541582756,
      0.9070454343505527
    ],
    "train_acc": [
      18.976,
      31.002,
      35.42,
      38.478,
      40.968,
      42.958,
      45.062,
      47.07,
      49.098,
      51.064,
      52.944,
      54.422,
      55.684,
      56.894,
      58.118,
      59.318,
      60.382,
      61.524,
      62.572,
      63.554,
      64.602,
      65.662,
      66.6,
      67.562,
      68.406
    ],
    "test_loss": [
      2.0510508461882133,
      1.8834078647077275,
      1.7878152604301136,
      1.6960026589445412,
      1.6211156673705616,
      1.5592269067185374,
      1.5007686736865546,
      1.4429787625900854,
      1.3908211699309059,
      1.3492980452772148,
      1.316826438370604,
      1.2883261485983388,
      1.2603088533535551,
      1.2335197727520244,
      1.2077330701267377,
      1.184566452861213,
      1.1632473944855954,
      1.14364800856898,
      1.1265306825074144,
      1.1118402422045748,
      1.0992321933801181,
      1.0888867922865164,
      1.0815018558273681,
      1.0757189724392022,
      1.0689287294214145
    ],
    "test_acc": [
      27.81,
      33.6,
      37.11,
      40.61,
      42.43,
      44.49,
      46.32,
      48.16,
      50.07,
      52.31,
      53.81,
      55.01,
      55.68,
      56.96,
      57.54,
      58.12,
      58.81,
      59.31,
      60.0,
      60.74,
      61.33,
      61.96,
      62.26,
      62.66,
      63.08
    ]
  }
}