{
  "config": {
    "run_name": "exp1_2",
    "out_dir": "./results",
    "seed": 1752157586,
    "device": null,
    "bs_train": 128,
    "bs_test": 32,
    "batches": 500,
    "epochs": 100,
    "early_stopping": 3,
    "checkpoints": null,
    "lr": 0.001,
    "reg": 0.001,
    "filters_per_layer": [
      256
    ],
    "pool_every": 3,
    "hidden_dims": [
      100
    ],
    "model_type": "cnn",
    "kw": {},
    "layers_per_block": 4
  },
  "results": {
    "num_epochs": 0,
    "train_loss": [
      2.2901775635721737,
      2.0351802949100506,
      1.8501907629735024,
      1.7309624865231916,
      1.6371217200823147,
      1.5583632858208074,
      1.4844440304104933,
      1.414784084195676,
      1.3555287909324822,
      1.3013135435636087,
      1.2501459146094749,
      1.201145602156744,
      1.154808707554322,
      1.1090679824199823,
      1.0646689675957954,
      1.020332770731748,
      0.9781167987362503
    ],
    "train_acc": [
      11.962,
      26.516,
      34.334,
      38.526,
      41.666,
      44.446,
      47.116,
      49.552,
      51.752,
      53.668,
      55.566,
      57.44,
      59.37,
      61.172,
      62.656,
      64.288,
      65.924
    ],
    "test_loss": [
      2.23220977006248,
      1.9320029286911693,
      1.7828776181315462,
      1.6715280228910354,
      1.5839892397292505,
      1.5021194002498834,
      1.4371628121446116,
      1.3907800575795646,
      1.3440828589966503,
      1.3003761454131275,
      1.2650303358848864,
      1.2410467042328832,
      1.2212883729142503,
      1.209446392310694,
      1.1990042660183038,
      1.1970055899300134,
      1.1988203775006743
    ],
    "test_acc": [
      17.4,
      31.43,
      37.03,
      41.27,
      43.66,
      46.45,
      48.56,
      51.1,
      52.73,
      53.94,
      55.26,
      56.22,
      57.34,
      57.41,
      58.42,
      58.41,
      58.85
    ]
  }
}